n_matrix,iteration,checksym_time,transpose_time
16,1,1.749e-06,6.225e-06
16,2,1.918e-06,6.289e-06
16,3,1.803e-06,6.263e-06
16,4,1.657e-06,6.218e-06
16,5,1.925e-06,6.183e-06
16,6,1.755e-06,6.379e-06
16,7,1.848e-06,6.519e-06
16,8,1.752e-06,6.542e-06
16,9,1.77e-06,6.4e-06
16,10,1.912e-06,6.265e-06
16,11,1.693e-06,6.193e-06
16,12,1.676e-06,6.187e-06
16,13,1.829e-06,6.359e-06
16,14,1.765e-06,6.254e-06
16,15,1.697e-06,6.486e-06
16,16,1.627e-06,1.3788e-05
16,17,1.758e-06,6.514e-06
16,18,1.739e-06,1.7697e-05
16,19,1.668e-06,6.584e-06
16,20,1.875e-06,6.344e-06
16,21,1.704e-06,6.136e-06
16,22,1.721e-06,6.595e-06
16,23,1.704e-06,6.152e-06
16,24,1.799e-06,6.388e-06
16,25,1.799e-06,6.456e-06
16,26,1.754e-06,6.486e-06
16,27,1.698e-06,6.306e-06
16,28,1.788e-06,6.336e-06
16,29,1.74e-06,6.282e-06
16,30,1.741e-06,6.351e-06
16,31,1.682e-06,6.432e-06
16,32,1.839e-06,6.224e-06
16,33,1.739e-06,6.437e-06
16,34,1.835e-06,6.451e-06
16,35,1.657e-06,6.116e-06
16,36,1.678e-06,6.097e-06
16,37,1.733e-06,6.256e-06
16,38,1.885e-06,6.349e-06
16,39,1.669e-06,6.147e-06
16,40,1.881e-06,6.652e-06
16,41,1.815e-06,6.317e-06
16,42,1.78e-06,6.594e-06
16,43,1.833e-06,6.208e-06
16,44,1.631e-06,6.523e-06
16,45,1.87e-06,6.266e-06
16,46,1.719e-06,6.388e-06
16,47,1.69e-06,6.262e-06
16,48,1.672e-06,6.373e-06
16,49,1.651e-06,6.152e-06
16,50,1.676e-06,6.27e-06
16,51,1.652e-06,6.193e-06
16,52,1.581e-06,5.869e-06
16,53,1.814e-06,6.217e-06
16,54,1.808e-06,6.416e-06
16,55,1.725e-06,6.265e-06
16,56,1.774e-06,6.403e-06
16,57,1.671e-06,6.204e-06
16,58,1.717e-06,6.208e-06
16,59,1.736e-06,6.315e-06
16,60,1.689e-06,6.36e-06
16,61,1.736e-06,6.306e-06
16,62,1.96e-06,6.322e-06
16,63,1.86e-06,6.133e-06
16,64,1.676e-06,6.26e-06
16,65,1.672e-06,6.214e-06
16,66,1.88e-06,6.256e-06
16,67,1.786e-06,6.231e-06
16,68,1.614e-06,5.843e-06
16,69,1.681e-06,6.199e-06
16,70,1.643e-06,6.182e-06
16,71,1.706e-06,6.156e-06
16,72,1.648e-06,6.172e-06
16,73,1.621e-06,6.284e-06
16,74,1.643e-06,6.116e-06
16,75,1.719e-06,6.08e-06
16,76,1.653e-06,6.263e-06
16,77,1.705e-06,6.191e-06
16,78,1.859e-06,6.362e-06
16,79,1.681e-06,6.25e-06
16,80,1.588e-06,6.192e-06
16,81,1.605e-06,6.177e-06
16,82,1.688e-06,6.256e-06
16,83,1.791e-06,6.049e-06
16,84,1.72e-06,6.233e-06
16,85,1.717e-06,6.242e-06
16,86,1.662e-06,6.541e-06
16,87,1.659e-06,6.421e-06
16,88,1.668e-06,6.138e-06
16,89,1.703e-06,6.281e-06
16,90,1.718e-06,6.317e-06
16,91,1.745e-06,6.246e-06
16,92,1.779e-06,6.487e-06
16,93,1.677e-06,6.348e-06
16,94,1.717e-06,6.613e-06
16,95,2.036e-06,6.337e-06
16,96,1.701e-06,1.6874e-05
16,97,1.723e-06,6.224e-06
16,98,1.691e-06,6.055e-06
16,99,1.732e-06,6.379e-06
16,100,1.689e-06,6.213e-06
32,1,5.875e-06,2.0916e-05
32,2,5.947e-06,2.2186e-05
32,3,5.839e-06,3.3768e-05
32,4,6.057e-06,2.3942e-05
32,5,5.963e-06,2.2396e-05
32,6,6.156e-06,2.1802e-05
32,7,6.078e-06,2.183e-05
32,8,5.74e-06,2.4168e-05
32,9,5.82e-06,1.9767e-05
32,10,5.727e-06,2.2594e-05
32,11,5.906e-06,2.1076e-05
32,12,6.103e-06,2.0716e-05
32,13,5.768e-06,2.0663e-05
32,14,5.985e-06,2.1718e-05
32,15,5.906e-06,2.0122e-05
32,16,6.332e-06,2.2102e-05
32,17,5.913e-06,2.1732e-05
32,18,5.797e-06,2.1502e-05
32,19,1.6577e-05,2.1632e-05
32,20,5.722e-06,2.0453e-05
32,21,5.878e-06,2.759e-05
32,22,5.782e-06,2.3092e-05
32,23,5.824e-06,2.4867e-05
32,24,6.045e-06,2.4476e-05
32,25,6.037e-06,2.3826e-05
32,26,5.475e-06,1.8704e-05
32,27,5.97e-06,2.3509e-05
32,28,6.2e-06,2.3669e-05
32,29,6.165e-06,2.3894e-05
32,30,5.806e-06,2.1207e-05
32,31,5.9e-06,2.1918e-05
32,32,5.79e-06,2.1236e-05
32,33,5.924e-06,2.167e-05
32,34,6.008e-06,1.9518e-05
32,35,6.09e-06,2.1222e-05
32,36,5.802e-06,2.015e-05
32,37,6.119e-06,2.1641e-05
32,38,6.15e-06,2.1744e-05
32,39,6.015e-06,2.232e-05
32,40,5.806e-06,2.3131e-05
32,41,5.785e-06,2.8644e-05
32,42,5.745e-06,2.169e-05
32,43,5.748e-06,2.1119e-05
32,44,5.827e-06,2.1312e-05
32,45,5.916e-06,2.0653e-05
32,46,5.965e-06,2.3727e-05
32,47,6.227e-06,2.1652e-05
32,48,6.047e-06,2.0167e-05
32,49,6.104e-06,2.1323e-05
32,50,5.792e-06,2.1335e-05
32,51,6.003e-06,2.0402e-05
32,52,5.854e-06,2.23e-05
32,53,5.825e-06,2.303e-05
32,54,5.734e-06,2.2823e-05
32,55,6.189e-06,2.5053e-05
32,56,5.8e-06,2.2263e-05
32,57,6.008e-06,2.1382e-05
32,58,5.987e-06,2.0765e-05
32,59,6.097e-06,2.2718e-05
32,60,5.972e-06,2.2395e-05
32,61,6.001e-06,2.1718e-05
32,62,5.729e-06,2.2187e-05
32,63,5.914e-06,2.0432e-05
32,64,6.04e-06,2.1541e-05
32,65,5.784e-06,2.1041e-05
32,66,5.842e-06,2.2592e-05
32,67,5.874e-06,2.1524e-05
32,68,6.034e-06,3.526e-05
32,69,5.823e-06,2.3951e-05
32,70,5.793e-06,1.9945e-05
32,71,5.831e-06,2.4871e-05
32,72,5.825e-06,2.2387e-05
32,73,5.889e-06,2.285e-05
32,74,5.991e-06,1.9714e-05
32,75,5.972e-06,3.0699e-05
32,76,6.23e-06,2.1993e-05
32,77,6.161e-06,2.5517e-05
32,78,6.051e-06,2.1239e-05
32,79,5.881e-06,2.2347e-05
32,80,5.879e-06,2.3384e-05
32,81,5.947e-06,2.1414e-05
32,82,6.155e-06,2.4183e-05
32,83,5.761e-06,2.032e-05
32,84,5.969e-06,2.3689e-05
32,85,5.987e-06,2.355e-05
32,86,5.84e-06,3.3699e-05
32,87,6.172e-06,2.1783e-05
32,88,6.473e-06,3.6686e-05
32,89,6.16e-06,3.7819e-05
32,90,6.33e-06,2.1906e-05
32,91,5.876e-06,2.1316e-05
32,92,5.753e-06,1.9123e-05
32,93,5.783e-06,2.4285e-05
32,94,6.015e-06,2.4081e-05
32,95,5.974e-06,2.2045e-05
32,96,6.097e-06,2.2484e-05
32,97,5.782e-06,2.0463e-05
32,98,5.779e-06,1.9691e-05
32,99,5.954e-06,2.0407e-05
32,100,6.059e-06,2.062e-05
64,1,2.2032e-05,7.1761e-05
64,2,2.1905e-05,6.909e-05
64,3,2.2613e-05,7.0147e-05
64,4,2.2005e-05,6.9393e-05
64,5,2.2683e-05,7.118e-05
64,6,2.2163e-05,6.8898e-05
64,7,2.2701e-05,0.000289762
64,8,2.2031e-05,7.5429e-05
64,9,2.1911e-05,7.8631e-05
64,10,2.1905e-05,7.0428e-05
64,11,2.2299e-05,7.0653e-05
64,12,2.2266e-05,8.0658e-05
64,13,2.1882e-05,6.8964e-05
64,14,2.1927e-05,7.0511e-05
64,15,2.2755e-05,6.5914e-05
64,16,2.204e-05,6.8984e-05
64,17,2.2169e-05,6.9123e-05
64,18,2.2357e-05,6.8981e-05
64,19,2.1878e-05,7.0537e-05
64,20,2.1844e-05,7.2309e-05
64,21,2.2034e-05,7.2012e-05
64,22,2.2033e-05,7.3225e-05
64,23,2.2004e-05,7.0994e-05
64,24,2.2151e-05,7.2623e-05
64,25,2.199e-05,8.1364e-05
64,26,2.1947e-05,6.9177e-05
64,27,2.1961e-05,7.0763e-05
64,28,2.294e-05,8.677e-05
64,29,2.1779e-05,7.3668e-05
64,30,2.19e-05,7.2114e-05
64,31,2.2102e-05,7.279e-05
64,32,2.182e-05,7.189e-05
64,33,2.0379e-05,6.692e-05
64,34,2.1935e-05,6.8045e-05
64,35,2.2881e-05,6.9584e-05
64,36,2.2035e-05,8.4916e-05
64,37,2.1765e-05,6.8091e-05
64,38,2.183e-05,7.0086e-05
64,39,2.1917e-05,7.0077e-05
64,40,2.1975e-05,7.0955e-05
64,41,2.1981e-05,6.8894e-05
64,42,2.1895e-05,6.8823e-05
64,43,2.1724e-05,7.1884e-05
64,44,2.1843e-05,7.2395e-05
64,45,3.2256e-05,7.6249e-05
64,46,2.1921e-05,7.2824e-05
64,47,2.1208e-05,7.1791e-05
64,48,2.2941e-05,6.6336e-05
64,49,2.2024e-05,6.3589e-05
64,50,2.1874e-05,6.338e-05
64,51,2.1808e-05,6.4722e-05
64,52,2.1875e-05,6.9677e-05
64,53,2.1787e-05,7.2601e-05
64,54,2.2007e-05,7.4802e-05
64,55,2.196e-05,6.8573e-05
64,56,2.185e-05,7.0536e-05
64,57,2.2316e-05,6.511e-05
64,58,2.1996e-05,6.8678e-05
64,59,2.2627e-05,6.6955e-05
64,60,2.2859e-05,6.6023e-05
64,61,2.2497e-05,6.6522e-05
64,62,2.182e-05,7.5281e-05
64,63,2.2811e-05,7.9477e-05
64,64,2.2798e-05,6.7814e-05
64,65,2.1737e-05,7.1248e-05
64,66,2.2004e-05,7.3191e-05
64,67,2.1995e-05,7.236e-05
64,68,2.1844e-05,7.628e-05
64,69,2.1894e-05,7.4875e-05
64,70,2.0597e-05,5.9633e-05
64,71,2.1961e-05,6.544e-05
64,72,2.2955e-05,7.2934e-05
64,73,2.2013e-05,6.3724e-05
64,74,2.3158e-05,6.6683e-05
64,75,2.319e-05,6.6667e-05
64,76,2.2021e-05,6.4768e-05
64,77,2.2623e-05,6.5958e-05
64,78,2.2824e-05,6.6253e-05
64,79,2.1825e-05,7.6589e-05
64,80,2.2419e-05,6.4625e-05
64,81,2.2131e-05,6.4185e-05
64,82,2.2257e-05,6.3697e-05
64,83,2.1909e-05,6.9854e-05
64,84,2.1883e-05,7.0349e-05
64,85,2.1775e-05,7.2911e-05
64,86,2.2306e-05,7.2204e-05
64,87,2.2276e-05,7.1644e-05
64,88,2.2688e-05,8.1303e-05
64,89,2.185e-05,6.9633e-05
64,90,2.2116e-05,6.7977e-05
64,91,2.2235e-05,6.8097e-05
64,92,2.2694e-05,7.6268e-05
64,93,2.212e-05,6.923e-05
64,94,2.1881e-05,6.9197e-05
64,95,3.21e-05,6.9546e-05
64,96,3.7001e-05,6.5202e-05
64,97,2.2162e-05,6.9471e-05
64,98,2.1867e-05,6.8965e-05
64,99,2.2616e-05,7.3569e-05
64,100,2.1879e-05,6.9272e-05
128,1,8.5501e-05,0.000258165
128,2,9.0379e-05,0.00025457
128,3,8.599e-05,0.000257273
128,4,8.5924e-05,0.000254295
128,5,8.5892e-05,0.000253257
128,6,8.588e-05,0.000254957
128,7,8.5794e-05,0.000250926
128,8,9.7236e-05,0.000249223
128,9,8.6127e-05,0.000268612
128,10,8.6567e-05,0.000260567
128,11,8.6066e-05,0.000243771
128,12,9.3523e-05,0.000249738
128,13,0.000130085,0.000245973
128,14,8.557e-05,0.000256617
128,15,8.5804e-05,0.000484944
128,16,8.5918e-05,0.000258292
128,17,8.6433e-05,0.000252281
128,18,9.4118e-05,0.00025817
128,19,8.5288e-05,0.000422858
128,20,9.9501e-05,0.000252903
128,21,8.5859e-05,0.000253308
128,22,8.5995e-05,0.000247229
128,23,8.5749e-05,0.000257932
128,24,8.5886e-05,0.000238739
128,25,8.6405e-05,0.000239523
128,26,8.6089e-05,0.000241403
128,27,8.8901e-05,0.000249885
128,28,8.5388e-05,0.000243923
128,29,9.5384e-05,0.000253147
128,30,8.5573e-05,0.000256647
128,31,8.5956e-05,0.000507449
128,32,8.5536e-05,0.000268795
128,33,8.5683e-05,0.000260885
128,34,8.5606e-05,0.000261957
128,35,9.367e-05,0.000447892
128,36,8.638e-05,0.000617177
128,37,8.0452e-05,0.000386554
128,38,8.5269e-05,0.000224113
128,39,8.6133e-05,0.000240787
128,40,8.5706e-05,0.000252435
128,41,8.6157e-05,0.000246307
128,42,8.5831e-05,0.000242628
128,43,8.5388e-05,0.000242623
128,44,8.5438e-05,0.000243417
128,45,9.5901e-05,0.0002443
128,46,8.5287e-05,0.000241538
128,47,8.9177e-05,0.000264136
128,48,8.8843e-05,0.000264929
128,49,8.5617e-05,0.000256128
128,50,8.5587e-05,0.000266055
128,51,9.3646e-05,0.00026136
128,52,8.5228e-05,0.000264456
128,53,8.5645e-05,0.000252478
128,54,8.88e-05,0.00026055
128,55,8.8937e-05,0.000260765
128,56,8.5937e-05,0.000245085
128,57,8.5447e-05,0.000241579
128,58,8.5862e-05,0.000241087
128,59,8.5627e-05,0.000263293
128,60,8.5842e-05,0.00026232
128,61,8.5836e-05,0.000256667
128,62,8.8674e-05,0.000279531
128,63,8.5592e-05,0.000257341
128,64,9.0319e-05,0.00023909
128,65,8.5745e-05,0.000290182
128,66,8.577e-05,0.000238702
128,67,9.4104e-05,0.000254695
128,68,8.534e-05,0.000255073
128,69,8.5629e-05,0.000245171
128,70,8.5311e-05,0.00024429
128,71,8.5739e-05,0.000252163
128,72,8.593e-05,0.000247372
128,73,8.5353e-05,0.000241492
128,74,9.7543e-05,0.000255151
128,75,9.8907e-05,0.000246365
128,76,8.88e-05,0.000270322
128,77,9.5762e-05,0.000261506
128,78,8.543e-05,0.000253268
128,79,8.5417e-05,0.000491522
128,80,8.5668e-05,0.000249829
128,81,9.5612e-05,0.000260219
128,82,9.2572e-05,0.000263677
128,83,9.103e-05,0.000254715
128,84,0.00010336,0.000244645
128,85,9.6521e-05,0.000254999
128,86,8.5357e-05,0.000261249
128,87,8.5841e-05,0.00025049
128,88,9.7067e-05,0.000249326
128,89,9.5206e-05,0.000246949
128,90,8.8764e-05,0.000248371
128,91,8.8936e-05,0.000268413
128,92,8.535e-05,0.000254884
128,93,8.586e-05,0.000476812
128,94,8.617e-05,0.000258317
128,95,9.5991e-05,0.000259288
128,96,8.8496e-05,0.000275935
128,97,9.7699e-05,0.000271603
128,98,8.6266e-05,0.00026961
128,99,8.5875e-05,0.000251689
128,100,8.5581e-05,0.000244111
256,1,0.00447087,0.00100281
256,2,0.0134467,0.000970813
256,3,0.000439849,0.00100117
256,4,0.0134067,0.000942589
256,5,0.000424895,0.00103402
256,6,0.0134389,0.00167655
256,7,0.000464762,0.00129764
256,8,0.0134175,0.000920874
256,9,0.000418096,0.000900689
256,10,0.000422347,0.000987288
256,11,0.0133814,0.00105163
256,12,0.000440054,0.00101546
256,13,0.000435391,0.00101667
256,14,0.000421719,0.00173377
256,15,0.000441697,0.00151205
256,16,0.00042979,0.00152789
256,17,0.000431012,0.00128632
256,18,0.0134621,0.00108303
256,19,0.000413451,0.000977488
256,20,0.000457242,0.00103884
256,21,0.0133872,0.00102411
256,22,0.000430285,0.00101273
256,23,0.000435977,0.00102799
256,24,0.013465,0.00105721
256,25,0.0104291,0.00148768
256,26,0.000449666,0.00147089
256,27,0.000444688,0.00150597
256,28,0.00043026,0.0012008
256,29,0.000456469,0.0011057
256,30,0.000340901,0.00103351
256,31,0.0135624,0.00107626
256,32,0.0135013,0.00101423
256,33,0.00046607,0.000982463
256,34,0.0134902,0.000984415
256,35,0.00050061,0.000998326
256,36,0.000487461,0.00101439
256,37,0.000460036,0.0014923
256,38,0.000454557,0.00151113
256,39,0.000438471,0.00151139
256,40,0.000340489,0.00120725
256,41,0.000398471,0.000902839
256,42,0.000354226,0.00101501
256,43,0.000425328,0.00105814
256,44,0.0134276,0.00105709
256,45,0.0134597,0.00100705
256,46,0.0134339,0.001121
256,47,0.0134034,0.0010383
256,48,0.000503613,0.000990248
256,49,0.000353945,0.000978516
256,50,0.000444447,0.000991821
256,51,0.000430165,0.000996945
256,52,0.000433268,0.000989902
256,53,0.000340794,0.00102789
256,54,0.000404547,0.00100736
256,55,0.000479436,0.00100727
256,56,0.000439193,0.000991669
256,57,0.000353755,0.000986905
256,58,0.000451677,0.00151304
256,59,0.000471963,0.00151455
256,60,0.000348569,0.000919503
256,61,0.000448412,0.00100515
256,62,0.000436384,0.001015
256,63,0.000458546,0.00148772
256,64,0.000444229,0.00105691
256,65,0.000420322,0.00104511
256,66,0.000410782,0.00131855
256,67,0.0135283,0.00103145
256,68,0.000497838,0.00106556
256,69,0.000465613,0.00151771
256,70,0.000457083,0.00147153
256,71,0.000348664,0.00140052
256,72,0.000446179,0.00143146
256,73,0.000526163,0.00106588
256,74,0.000360307,0.00102165
256,75,0.000362138,0.00150947
256,76,0.000399816,0.000898349
256,77,0.000456526,0.00112383
256,78,0.0134631,0.00104864
256,79,0.00844989,0.00100552
256,80,0.000442492,0.00101374
256,81,0.000428849,0.00426621
256,82,0.000496272,0.00159948
256,83,0.000349549,0.00467294
256,84,0.000462766,0.00173207
256,85,0.013376,0.00129502
256,86,0.000383666,0.00439398
256,87,0.000424447,0.00110972
256,88,0.000439628,0.000994413
256,89,0.000461654,0.000997734
256,90,0.000341062,0.00101538
256,91,0.000433914,0.00100743
256,92,0.000421025,0.000986414
256,93,0.0134177,0.00127328
256,94,0.000469475,0.00127835
256,95,0.0134378,0.00154648
256,96,0.0134369,0.00145137
256,97,0.000321448,0.00136852
256,98,0.0003278,0.00160361
256,99,0.000322427,0.00128366
256,100,0.0133676,0.00127723
512,1,0.00142229,0.00335529
512,2,0.00141196,0.00333297
512,3,0.0014154,0.00346228
512,4,0.00136585,0.00316949
512,5,0.00132575,0.00299049
512,6,0.00140195,0.00304258
512,7,0.00138971,0.00306307
512,8,0.00142879,0.00306824
512,9,0.00141481,0.00354731
512,10,0.00198287,0.00565845
512,11,0.00148938,0.0051834
512,12,0.00244041,0.00398414
512,13,0.00150879,0.00382515
512,14,0.00150376,0.00337098
512,15,0.00144975,0.00545946
512,16,0.0024256,0.0196717
512,17,0.00248739,0.0200032
512,18,0.00147312,0.00570215
512,19,0.00155507,0.00578192
512,20,0.00239596,0.00395756
512,21,0.00238348,0.00405849
512,22,0.00163993,0.00408718
512,23,0.00246061,0.0170916
512,24,0.00247362,0.0198773
512,25,0.00243023,0.0197284
512,26,0.00149343,0.00505021
512,27,0.0024734,0.0175067
512,28,0.00244274,0.00424657
512,29,0.00242349,0.0170665
512,30,0.00140949,0.00333389
512,31,0.00141871,0.0031318
512,32,0.00220272,0.0180334
512,33,0.0016715,0.00403734
512,34,0.00270983,0.0172098
512,35,0.00157879,0.00605778
512,36,0.00160373,0.00768001
512,37,0.00160155,0.00599116
512,38,0.00157414,0.0060917
512,39,0.00159396,0.00557164
512,40,0.00240345,0.0200519
512,41,0.0022222,0.0180068
512,42,0.00142049,0.00330127
512,43,0.00247967,0.00414592
512,44,0.00262543,0.00392488
512,45,0.00258915,0.00929189
512,46,0.00251331,0.0201074
512,47,0.00245579,0.0170841
512,48,0.0024819,0.00394856
512,49,0.00159513,0.00411442
512,50,0.00241149,0.0173161
512,51,0.00156496,0.00639853
512,52,0.00172056,0.0173653
512,53,0.00187479,0.00409347
512,54,0.00162671,0.00401013
512,55,0.00248539,0.0060061
512,56,0.00246795,0.00530765
512,57,0.0016342,0.0043265
512,58,0.00271102,0.00891605
512,59,0.0159334,0.0042771
512,60,0.00263174,0.0172532
512,61,0.00253345,0.00409795
512,62,0.002381,0.0178778
512,63,0.00167185,0.00472926
512,64,0.00209655,0.020157
512,65,0.00266604,0.0208956
512,66,0.00197318,0.00507439
512,67,0.00252423,0.0178521
512,68,0.00258863,0.0175946
512,69,0.00546891,0.00746453
512,70,0.0026095,0.0174293
512,71,0.00251468,0.0172203
512,72,0.00257663,0.00394743
512,73,0.00244502,0.00924263
512,74,0.00261112,0.00418888
512,75,0.00249294,0.0173163
512,76,0.00224971,0.0040937
512,77,0.00157457,0.0041707
512,78,0.015172,0.00377333
512,79,0.00268176,0.0205018
512,80,0.0026389,0.0208582
512,81,0.00154133,0.00592206
512,82,0.00202873,0.00406373
512,83,0.00249722,0.00959374
512,84,0.00235327,0.00424449
512,85,0.00240813,0.00421485
512,86,0.00238562,0.00409342
512,87,0.00254079,0.0180066
512,88,0.0017624,0.00435326
512,89,0.00260668,0.0204496
512,90,0.00253104,0.0208108
512,91,0.00248149,0.0172651
512,92,0.00250379,0.0170651
512,93,0.00251734,0.0173813
512,94,0.00260649,0.0173037
512,95,0.00165001,0.00596089
512,96,0.00203998,0.0058767
512,97,0.00252501,0.00418363
512,98,0.00248203,0.00406775
512,99,0.00241483,0.00406548
512,100,0.0027924,0.00400335
1024,1,0.0115372,0.0278611
1024,2,0.0111708,0.022213
1024,3,0.0111583,0.0207292
1024,4,0.0251209,0.0503885
1024,5,0.0108445,0.0200798
1024,6,0.0257888,0.0700183
1024,7,0.0250866,0.0350727
1024,8,0.0109226,0.0195768
1024,9,0.0110881,0.0193279
1024,10,0.0106964,0.0202309
1024,11,0.0255898,0.0715659
1024,12,0.00916785,0.0201437
1024,13,0.0169745,0.0217075
1024,14,0.011151,0.021042
1024,15,0.0110198,0.0196849
1024,16,0.0110608,0.0196127
1024,17,0.0249617,0.0481256
1024,18,0.0261422,0.0471545
1024,19,0.0104982,0.0203302
1024,20,0.025546,0.0589738
1024,21,0.0114768,0.0236497
1024,22,0.0113717,0.0221854
1024,23,0.0124573,0.0304801
1024,24,0.0109751,0.020452
1024,25,0.0111517,0.0202741
1024,26,0.0251799,0.0489319
1024,27,0.0261009,0.0264153
1024,28,0.0117644,0.0314156
1024,29,0.0110854,0.0229007
1024,30,0.0109459,0.020108
1024,31,0.0119596,0.0213212
1024,32,0.0251047,0.0484403
1024,33,0.0109066,0.0195163
1024,34,0.0114325,0.0200125
1024,35,0.0110645,0.0195061
1024,36,0.0122417,0.0304656
1024,37,0.0102531,0.0211781
1024,38,0.0112426,0.0212442
1024,39,0.0115243,0.0233913
1024,40,0.0130173,0.0243392
1024,41,0.0109626,0.0195531
1024,42,0.025145,0.0511954
1024,43,0.02554,0.0536425
1024,44,0.0115227,0.0417626
1024,45,0.0250096,0.0358555
1024,46,0.0260282,0.0713004
1024,47,0.0112421,0.0275143
1024,48,0.0113114,0.0206248
1024,49,0.0252731,0.0514891
1024,50,0.0248903,0.0480482
1024,51,0.0254959,0.0725671
1024,52,0.0111456,0.0254694
1024,53,0.0131481,0.0234796
1024,54,0.0117325,0.0233083
1024,55,0.0111341,0.0215866
1024,56,0.0109751,0.0214148
1024,57,0.0249879,0.0515248
1024,58,0.0110896,0.017828
1024,59,0.0266529,0.0515316
1024,60,0.0123566,0.0302164
1024,61,0.014007,0.021246
1024,62,0.0113269,0.0215979
1024,63,0.0249075,0.0489952
1024,64,0.0250862,0.0501497
1024,65,0.0111794,0.022383
1024,66,0.0114511,0.0224525
1024,67,0.0256944,0.0726608
1024,68,0.0108135,0.0300879
1024,69,0.0257149,0.0733304
1024,70,0.0111388,0.0248289
1024,71,0.0112371,0.0206707
1024,72,0.0121761,0.0321894
1024,73,0.0110451,0.0238145
1024,74,0.0101636,0.0192311
1024,75,0.0109157,0.0208478
1024,76,0.011122,0.0207701
1024,77,0.0113527,0.0349258
1024,78,0.0249294,0.0491255
1024,79,0.0220456,0.0494714
1024,80,0.0255252,0.052477
1024,81,0.0113813,0.0322598
1024,82,0.0250275,0.0509249
1024,83,0.0251275,0.0371985
1024,84,0.010951,0.0167368
1024,85,0.0114709,0.0310249
1024,86,0.0110206,0.0272747
1024,87,0.0113997,0.0220296
1024,88,0.0199089,0.0275623
1024,89,0.0111537,0.0325358
1024,90,0.0125712,0.0223014
1024,91,0.0258318,0.0610458
1024,92,0.0111139,0.0217031
1024,93,0.024947,0.0498003
1024,94,0.0255725,0.0500338
1024,95,0.0102181,0.0287181
1024,96,0.0110361,0.0197119
1024,97,0.0111146,0.0199123
1024,98,0.0130027,0.023656
1024,99,0.0119808,0.0190308
1024,100,0.011775,0.0191552
2048,1,0.0520862,0.139523
2048,2,0.0490532,0.107151
2048,3,0.0492355,0.105051
2048,4,0.0493136,0.103664
2048,5,0.0488546,0.0792328
2048,6,0.124422,0.223956
2048,7,0.0485494,0.100874
2048,8,0.0496403,0.0934143
2048,9,0.105899,0.264297
2048,10,0.0755713,0.140646
2048,11,0.0492397,0.101662
2048,12,0.0496786,0.138747
2048,13,0.0484081,0.106041
2048,14,0.0938902,0.227938
2048,15,0.050748,0.128374
2048,16,0.0488357,0.103877
2048,17,0.0513934,0.143012
2048,18,0.0500087,0.237863
2048,19,0.0502289,0.130373
2048,20,0.0489773,0.0914063
2048,21,0.0484918,0.129541
2048,22,0.0494988,0.105259
2048,23,0.0495086,0.10143
2048,24,0.0493264,0.0981709
2048,25,0.0480646,0.109932
2048,26,0.108499,0.197909
2048,27,0.0384389,0.0722044
2048,28,0.0855853,0.0849935
2048,29,0.0422429,0.106283
2048,30,0.0490145,0.102418
2048,31,0.0493285,0.0989649
2048,32,0.0890975,0.21136
2048,33,0.0624761,0.122831
2048,34,0.0485944,0.0907646
2048,35,0.0489865,0.105782
2048,36,0.0496151,0.119851
2048,37,0.10222,0.221102
2048,38,0.0492081,0.126838
2048,39,0.0470145,0.07594
2048,40,0.0478614,0.100498
2048,41,0.0482758,0.0902169
2048,42,0.0520883,0.150267
2048,43,0.0520803,0.145409
2048,44,0.0535922,0.110863
2048,45,0.0492473,0.0943772
2048,46,0.0516788,0.143676
2048,47,0.0467859,0.105918
2048,48,0.0482722,0.0922483
2048,49,0.0503447,0.141136
2048,50,0.051677,0.107757
2048,51,0.0477478,0.0884169
2048,52,0.05096,0.103069
2048,53,0.048415,0.100777
2048,54,0.048846,0.126144
2048,55,0.0496644,0.130082
2048,56,0.0509972,0.14784
2048,57,0.048072,0.104692
2048,58,0.0488254,0.111094
2048,59,0.050978,0.135581
2048,60,0.0875403,0.223683
2048,61,0.103672,0.281734
2048,62,0.05148,0.140024
2048,63,0.0489785,0.108797
2048,64,0.0483221,0.10102
2048,65,0.0521074,0.136225
2048,66,0.0482805,0.115327
2048,67,0.0501588,0.106643
2048,68,0.0516278,0.106153
2048,69,0.0446978,0.07842
2048,70,0.103395,0.283607
2048,71,0.0357939,0.0631145
2048,72,0.0338595,0.0757034
2048,73,0.10138,0.210501
2048,74,0.103233,0.227799
2048,75,0.101312,0.213472
2048,76,0.042062,0.115246
2048,77,0.0504894,0.137184
2048,78,0.0505697,0.138461
2048,79,0.0494998,0.102831
2048,80,0.0480167,0.101415
2048,81,0.0504831,0.130901
2048,82,0.0484806,0.102042
2048,83,0.051213,0.140413
2048,84,0.0505285,0.137343
2048,85,0.0482724,0.141883
2048,86,0.0481612,0.107699
2048,87,0.051536,0.133263
2048,88,0.0484765,0.130956
2048,89,0.0510714,0.136456
2048,90,0.0505775,0.140848
2048,91,0.0433659,0.0809763
2048,92,0.102773,0.266023
2048,93,0.0492688,0.101879
2048,94,0.0486748,0.103729
2048,95,0.0485669,0.133088
2048,96,0.0505891,0.137361
2048,97,0.048201,0.127967
2048,98,0.0491755,0.222615
2048,99,0.0507633,0.156206
2048,100,0.0510496,0.140405
4096,1,0.210502,0.587364
4096,2,0.186798,0.377409
4096,3,0.208131,0.414692
4096,4,0.21854,0.431357
4096,5,0.172494,0.501421
4096,6,0.205046,0.385819
4096,7,0.172503,0.325518
4096,8,0.21173,0.530971
4096,9,0.214706,0.459916
4096,10,0.223813,0.455371
4096,11,0.228138,0.570683
4096,12,0.223367,0.439881
4096,13,0.202743,0.392365
4096,14,0.203931,0.383297
4096,15,0.220975,0.424109
4096,16,0.217655,0.474644
4096,17,0.277679,0.443609
4096,18,0.240007,0.449377
4096,19,0.222324,0.499651
4096,20,0.199831,0.422747
4096,21,0.218095,0.450492
4096,22,0.205691,0.412393
4096,23,0.241776,0.456173
4096,24,0.224407,0.497332
4096,25,0.221622,0.43223
4096,26,0.223042,0.45654
4096,27,0.221113,0.439419
4096,28,0.219606,0.446939
4096,29,0.218507,0.53031
4096,30,0.223387,0.601627
4096,31,0.217881,0.56349
4096,32,0.207175,0.417786
4096,33,0.218817,0.474796
4096,34,0.201998,0.395858
4096,35,0.223445,0.54914
4096,36,0.210178,0.54434
4096,37,0.224679,0.552572
4096,38,0.224915,0.479981
4096,39,0.212722,0.524368
4096,40,0.277549,0.453396
4096,41,0.226918,0.628193
4096,42,0.222516,0.453979
4096,43,0.21193,0.418409
4096,44,0.228924,0.548179
4096,45,0.219107,0.436219
4096,46,0.226972,0.565484
4096,47,0.22616,0.562471
4096,48,0.218311,0.452316
4096,49,0.205609,0.403092
4096,50,0.194048,0.3759
4096,51,0.221976,0.44658
4096,52,0.20985,0.426813
4096,53,0.216899,0.433532
4096,54,0.224499,0.45884
4096,55,0.217878,0.526269
4096,56,0.21817,0.44754
4096,57,0.208454,0.421158
4096,58,0.22466,0.515497
4096,59,0.219278,0.439326
4096,60,0.231744,0.438146
4096,61,0.217899,0.433011
4096,62,0.219721,0.462802
4096,63,0.206334,0.404938
4096,64,0.2222,0.492416
4096,65,0.205392,0.423715
4096,66,0.219741,0.455056
4096,67,0.218712,0.53452
4096,68,0.221394,0.44143
4096,69,0.217748,0.500859
4096,70,0.220148,0.552509
4096,71,0.221205,0.518523
4096,72,0.219204,0.437069
4096,73,0.225722,0.566348
4096,74,0.218066,0.435451
4096,75,0.227605,0.453745
4096,76,0.221984,0.339654
4096,77,0.225759,0.340486
4096,78,0.180155,0.340379
4096,79,0.180859,0.341933
4096,80,0.180422,0.339819
4096,81,0.205645,0.328097
4096,82,0.22681,0.339411
4096,83,0.224441,0.342406
4096,84,0.219257,0.433902
4096,85,0.221391,0.443712
4096,86,0.216755,0.428423
4096,87,0.217144,0.443181
4096,88,0.217724,0.436407
4096,89,0.217981,0.450668
4096,90,0.225629,0.43352
4096,91,0.215477,0.433713
4096,92,0.228239,0.451783
4096,93,0.218414,0.449685
4096,94,0.216706,0.429659
4096,95,0.218055,0.43744
4096,96,0.229575,0.442897
4096,97,0.218475,0.447505
4096,98,0.222439,0.444435
4096,99,0.225921,0.433319
4096,100,0.177906,0.323418
